,A,R,N,D,C,Q,E,G,H,I,L,K,M,F,P,S,T,W,Y,V
A,-0.13,0.3,0.1,0.16,0.02,0.13,0.3,-0.1,0.17,-0.14,-0.08,0.23,0.0,-0.03,0.08,-0.01,-0.01,0.01,0.07,-0.13
R,0.3,0.12,-0.16,-0.89,0.56,-0.24,-0.92,0.03,-0.04,0.35,0.34,0.49,0.36,0.34,-0.05,-0.08,-0.05,-0.04,-0.19,0.38
N,0.1,-0.16,-0.39,-0.47,0.35,-0.34,-0.35,-0.18,-0.15,0.55,0.44,-0.32,0.34,0.38,-0.07,-0.23,-0.22,0.11,0.02,0.43
D,0.16,-0.89,-0.47,-0.08,0.45,-0.17,0.06,-0.11,-0.47,0.54,0.7,-0.87,0.64,0.57,0.05,-0.36,-0.22,0.26,-0.06,0.7
C,0.02,0.56,0.35,0.45,-0.85,0.17,0.54,0.05,-0.02,-0.06,0.0,0.59,-0.05,-0.02,0.04,0.14,0.2,-0.12,0.27,-0.05
Q,0.13,-0.24,-0.34,-0.17,0.17,-0.09,-0.18,-0.02,0.03,0.2,0.22,-0.32,0.07,0.11,-0.19,-0.06,-0.16,0.15,-0.11,0.27
E,0.3,-0.92,-0.35,0.06,0.54,-0.18,0.12,0.21,-0.35,0.39,0.46,-1.04,0.27,0.44,0.07,-0.26,-0.21,0.06,-0.14,0.46
G,-0.1,0.03,-0.18,-0.11,0.05,-0.02,0.21,-0.41,0.05,0.28,0.29,0.01,0.17,0.27,-0.14,-0.2,-0.15,0.03,0.04,0.15
H,0.17,-0.04,-0.15,-0.47,-0.02,0.03,-0.35,0.05,-0.48,0.29,0.28,0.18,-0.05,0.0,-0.15,-0.12,-0.12,-0.16,-0.1,0.32
I,-0.14,0.35,0.55,0.54,-0.06,0.2,0.39,0.28,0.29,-0.25,-0.36,0.38,-0.23,-0.21,0.2,0.33,0.13,-0.1,0.03,-0.29
L,-0.08,0.34,0.44,0.7,0.0,0.22,0.46,0.29,0.28,-0.36,-0.3,0.41,-0.23,-0.26,0.15,0.32,0.21,-0.07,0.0,-0.33
K,0.23,0.49,-0.32,-0.87,0.59,-0.32,-1.04,0.01,0.18,0.38,0.41,0.37,0.41,0.37,0.09,-0.1,-0.05,0.09,-0.22,0.37
M,0.0,0.36,0.34,0.64,-0.05,0.07,0.27,0.17,-0.05,-0.23,-0.23,0.41,-0.17,-0.43,0.01,0.32,0.15,-0.37,-0.13,-0.06
F,-0.03,0.34,0.38,0.57,-0.02,0.11,0.44,0.27,0.0,-0.21,-0.26,0.37,-0.43,-0.29,0.05,0.17,0.22,-0.14,-0.04,-0.19
P,0.08,-0.05,-0.07,0.05,0.04,-0.19,0.07,-0.14,-0.15,0.2,0.15,0.09,0.01,0.05,-0.12,-0.05,-0.07,-0.38,-0.24,0.11
S,-0.01,-0.08,-0.23,-0.36,0.14,-0.06,-0.26,-0.2,-0.12,0.33,0.32,-0.1,0.32,0.17,-0.05,-0.26,-0.24,0.25,0.06,0.27
T,-0.01,-0.05,-0.22,-0.22,0.2,-0.16,-0.21,-0.15,-0.12,0.13,0.21,-0.05,0.15,0.22,-0.07,-0.24,-0.09,0.33,0.14,0.17
W,0.01,-0.04,0.11,0.26,-0.12,0.15,0.06,0.03,-0.16,-0.1,-0.07,0.09,-0.37,-0.14,-0.38,0.25,0.33,0.01,0.01,-0.03
Y,0.07,-0.19,0.02,-0.06,0.27,-0.11,-0.14,0.04,-0.1,0.03,0.0,-0.22,-0.13,-0.04,-0.24,0.06,0.14,0.01,0.1,0.13
V,-0.13,0.38,0.43,0.7,-0.05,0.27,0.46,0.15,0.32,-0.29,-0.33,0.37,-0.06,-0.19,0.11,0.27,0.17,-0.03,0.13,-0.29
